FID,id_estacio,Direccion,Aproximaci,Lat_Y,Lon_X,CreationDate,Creator,EditDate,Editor,x,y
1,1,Glorieta Olimpica,Concejal Alberto Jiménez-Becerril,37.412983,-5.988933,10/4/2014 9:21:32 PM,Ayto.Sevilla,10/4/2014 9:21:32 PM,Ayto.Sevilla,-666685,4496828.7
2,2,Gran Plaza,Calle Marquez de Pickman,37.381664,-5.965183,10/4/2014 9:21:32 PM,Ayto.Sevilla,10/4/2014 9:21:32 PM,Ayto.Sevilla,-664041.100000001,4492440.2
3,3,Puerta de la Barqueta,Puente de la Barqueta,37.40564,-5.998514,10/4/2014 9:21:32 PM,Ayto.Sevilla,10/4/2014 9:21:32 PM,Ayto.Sevilla,-667751.5,4495799.6
4,4,Calle Leonardo Da Vinci,Calle Thomas Alba Edison,37.410126,-6.005659,10/4/2014 9:21:32 PM,Ayto.Sevilla,10/4/2014 9:21:32 PM,Ayto.Sevilla,-668546.899999999,4496428.3
5,131,Calle Tabladilla,Calle Cardenal Ilundaín,37.364746,-5.981396,10/4/2014 9:21:32 PM,Ayto.Sevilla,10/4/2014 9:21:32 PM,Ayto.Sevilla,-665846,4490070.4
6,132,Calle Paez de Ribera,Paseo de la Palmera,37.36367,-5.984777,10/4/2014 9:21:32 PM,Ayto.Sevilla,10/4/2014 9:21:32 PM,Ayto.Sevilla,-666222.300000001,4489919.7
7,5,Camino de los Descubrimientos,Calle Thomás Alba Edison,37.411022,-6.001936,10/4/2014 9:21:32 PM,Ayto.Sevilla,10/4/2014 9:21:32 PM,Ayto.Sevilla,-668132.5,4496553.9
8,133,Avenida Santa Fe,Calle Virgen de la Oliva,37.374001,-6.004259,10/4/2014 9:21:32 PM,Ayto.Sevilla,10/4/2014 9:21:32 PM,Ayto.Sevilla,-668391.100000001,4491366.7
9,6,Camino de los Descubrimientos,Calle Isaac Newton,37.406677,-6.002848,10/4/2014 9:21:32 PM,Ayto.Sevilla,10/4/2014 9:21:32 PM,Ayto.Sevilla,-668234,4495944.9
10,134,Calle Virgen de Luján,Calle Asunción,37.374783,-5.998519,10/4/2014 9:21:32 PM,Ayto.Sevilla,10/4/2014 9:21:32 PM,Ayto.Sevilla,-667752.100000001,4491476.3
11,7,Calle Américo Vespucio,Calle de Jacques Cousteau,37.407516,-6.007413,10/4/2014 9:21:32 PM,Ayto.Sevilla,10/4/2014 9:21:32 PM,Ayto.Sevilla,-668742.199999999,4496062.5
12,135,Calle Virgen de Luján,Glorieta las Cigarreras,37.374657,-5.994916,10/4/2014 9:21:32 PM,Ayto.Sevilla,10/4/2014 9:21:32 PM,Ayto.Sevilla,-667351,4491458.6
13,136,Calle Asunción,Calle Virgen de la Antigua,37.373226,-5.99763,10/4/2014 9:21:32 PM,Ayto.Sevilla,10/4/2014 9:21:32 PM,Ayto.Sevilla,-667653.100000001,4491258.1
14,8,Calle Leonardo Da Vinci,Calle Gregor Mendel,37.401035,-6.009403,10/4/2014 9:21:32 PM,Ayto.Sevilla,10/4/2014 9:21:32 PM,Ayto.Sevilla,-668963.699999999,4495154.3
15,137,Avenida de la Borbolla,Calle Porvenir,37.373745,-5.985478,10/4/2014 9:21:32 PM,Ayto.Sevilla,10/4/2014 9:21:32 PM,Ayto.Sevilla,-666300.399999999,4491330.9
16,138,Calle Ramón Carande,Calle San Salvador,37.375852,-5.978978,10/4/2014 9:21:32 PM,Ayto.Sevilla,10/4/2014 9:21:32 PM,Ayto.Sevilla,-665576.800000001,4491626.1
17,9,Camino de los Descubrimientos,Calle Albert Einstein,37.402927,-6.004066,10/4/2014 9:21:32 PM,Ayto.Sevilla,10/4/2014 9:21:32 PM,Ayto.Sevilla,-668369.600000001,4495419.4
18,139,Avenida Diego Martinez Barrio,Avenida General García de la Herranz,37.37516,-5.975825,10/4/2014 9:21:32 PM,Ayto.Sevilla,10/4/2014 9:21:32 PM,Ayto.Sevilla,-665225.800000001,4491529.1
19,10,Calle José Diaz,Avenida Concejal Alberto Jiménez-Becerril,37.409096,-5.990961,10/4/2014 9:21:32 PM,Ayto.Sevilla,10/4/2014 9:21:32 PM,Ayto.Sevilla,-666910.699999999,4496283.9
20,140,Calle Felipe II,Avenida Diego Martínez Barrio,37.372375,-5.977351,10/4/2014 9:21:32 PM,Ayto.Sevilla,10/4/2014 9:21:32 PM,Ayto.Sevilla,-665395.699999999,4491138.9
21,11,Calle Avicena,Calle Avenzoar,37.405846,-5.993214,10/4/2014 9:21:32 PM,Ayto.Sevilla,10/4/2014 9:21:32 PM,Ayto.Sevilla,-667161.5,4495828.5
22,141,Calle Felipe II,Calle Ramón Carande,37.371716,-5.9819,10/4/2014 9:21:32 PM,Ayto.Sevilla,10/4/2014 9:21:32 PM,Ayto.Sevilla,-665902.100000001,4491046.6
23,12,Plaza Duquesa de Alba,Barqueta,37.403854,-5.99493,10/4/2014 9:21:32 PM,Ayto.Sevilla,10/4/2014 9:21:32 PM,Ayto.Sevilla,-667352.600000001,4495549.3
24,142,Calle Ramon de Carranza,Calle Asunción,37.371639,-5.997197,10/4/2014 9:21:32 PM,Ayto.Sevilla,10/4/2014 9:21:32 PM,Ayto.Sevilla,-667604.899999999,4491035.8
25,13,Calle Feria,Calle Resolana,37.403156,-5.991856,10/4/2014 9:21:32 PM,Ayto.Sevilla,10/4/2014 9:21:32 PM,Ayto.Sevilla,-667010.399999999,4495451.5
26,143,Calle Ramon de Carranza,Calle Virgen de la Oliva,37.371628,-6.003318,10/4/2014 9:21:32 PM,Ayto.Sevilla,10/4/2014 9:21:32 PM,Ayto.Sevilla,-668286.300000001,4491034.3
27,144,Avenida de la Palmera,Clinica de Fátima,37.369106,-5.988002,10/4/2014 9:21:32 PM,Ayto.Sevilla,10/4/2014 9:21:32 PM,Ayto.Sevilla,-666581.300000001,4490681
28,14,Avenida Sánchez Pizjuan,Facultad de medicina,37.406918,-5.989079,10/4/2014 9:21:32 PM,Ayto.Sevilla,10/4/2014 9:21:32 PM,Ayto.Sevilla,-666701.199999999,4495978.7
29,145,Avenida Reina Mercedes,Calle Profesor García González,37.360226,-5.986358,10/4/2014 9:21:32 PM,Ayto.Sevilla,10/4/2014 9:21:32 PM,Ayto.Sevilla,-666398.300000001,4489437.3
30,15,Calle Dr Marañon,Calle San Juan de Ribera,37.407227,-5.985341,10/4/2014 9:21:32 PM,Ayto.Sevilla,10/4/2014 9:21:32 PM,Ayto.Sevilla,-666285.100000001,4496022
31,146,Avenida Reina Mercedes,Calle Profesor García González,37.360119,-5.986358,10/4/2014 9:21:32 PM,Ayto.Sevilla,10/4/2014 9:21:32 PM,Ayto.Sevilla,-666398.300000001,4489422.3
32,16,Calle Manuel Villalobos,Calle Sor Francisca Dorotea,37.407028,-5.982795,10/4/2014 9:21:32 PM,Ayto.Sevilla,10/4/2014 9:21:32 PM,Ayto.Sevilla,-666001.699999999,4495994.1
33,147,Carretera de Carmona,Calle Maestro Solano,37.400829,-5.975233,10/4/2014 9:21:32 PM,Ayto.Sevilla,10/4/2014 9:21:32 PM,Ayto.Sevilla,-665159.899999999,4495125.4
34,17,Calle de Madreselva,Ronda de Pio XII,37.407173,-5.978907,10/4/2014 9:21:32 PM,Ayto.Sevilla,10/4/2014 9:21:32 PM,Ayto.Sevilla,-665568.899999999,4496014.4
35,18,Avenida Eduardo Dato,Calle Marqués del Nervión,37.382,-5.96814,10/4/2014 9:21:32 PM,Ayto.Sevilla,10/4/2014 9:21:32 PM,Ayto.Sevilla,-664370.300000001,4492487.3
36,148,Calle Tharsis,Calle Aorno,37.398758,-5.97321,10/4/2014 9:21:32 PM,Ayto.Sevilla,10/4/2014 9:21:32 PM,Ayto.Sevilla,-664934.699999999,4494835.2
37,19,Parlamento,Calle Don Fadrique,37.40324,-5.988962,10/4/2014 9:21:32 PM,Ayto.Sevilla,10/4/2014 9:21:32 PM,Ayto.Sevilla,-666688.199999999,4495463.3
38,149,Calle Arroyo,Calle Tena,37.397854,-5.975711,10/4/2014 9:21:32 PM,Ayto.Sevilla,10/4/2014 9:21:32 PM,Ayto.Sevilla,-665213.100000001,4494708.5
39,150,Calle San Juan Bosco,Calle Arroyo,37.396782,-5.978621,10/4/2014 9:21:32 PM,Ayto.Sevilla,10/4/2014 9:21:32 PM,Ayto.Sevilla,-665537,4494558.3
40,20,Calle San Juan de Ribera,Calle Fray Isidoro de Sevilla,37.404736,-5.986699,10/4/2014 9:21:32 PM,Ayto.Sevilla,10/4/2014 9:21:32 PM,Ayto.Sevilla,-666436.300000001,4495672.9
41,151,Calle Urquiza,Esquina calle Venecia,37.394619,-5.979927,10/4/2014 9:21:32 PM,Ayto.Sevilla,10/4/2014 9:21:32 PM,Ayto.Sevilla,-665682.399999999,4494255.3
42,152,Calle Samaniego,Calle Esperanza de la Trinidad,37.395821,-5.974481,10/4/2014 9:21:32 PM,Ayto.Sevilla,10/4/2014 9:21:32 PM,Ayto.Sevilla,-665076.199999999,4494423.7
43,21,Calle Manuel Villalobos,Calle Madre San Marcelo,37.405506,-5.981498,10/4/2014 9:21:32 PM,Ayto.Sevilla,10/4/2014 9:21:32 PM,Ayto.Sevilla,-665857.300000001,4495780.8
44,22,Avenida de Llanes,Avenida de Miraflores,37.405144,-5.974867,10/4/2014 9:21:32 PM,Ayto.Sevilla,10/4/2014 9:21:32 PM,Ayto.Sevilla,-665119.199999999,4495730.1
45,153,Avenida Reina Mercedes,Escuela de Arquitectura,37.362988,-5.986259,10/4/2014 9:21:32 PM,Ayto.Sevilla,10/4/2014 9:21:32 PM,Ayto.Sevilla,-666387.300000001,4489824.1
46,23,Parlamento,Calle San Juan de Ribera,37.403358,-5.987928,10/4/2014 9:21:32 PM,Ayto.Sevilla,10/4/2014 9:21:32 PM,Ayto.Sevilla,-666573.100000001,4495479.8
47,154,Avenida Kansas City,Calle Naranjito de Triana,37.394875,-5.968394,10/4/2014 9:21:32 PM,Ayto.Sevilla,10/4/2014 9:21:32 PM,Ayto.Sevilla,-664398.600000001,4494291.1
48,24,Calle León XIII,Calle Fray Isidoro de Sevilla,37.404034,-5.984668,10/4/2014 9:21:32 PM,Ayto.Sevilla,10/4/2014 9:21:32 PM,Ayto.Sevilla,-666210.199999999,4495574.5
49,155,Avenida Kansas City,Avenida El Greco,37.392906,-5.970766,10/4/2014 9:21:32 PM,Ayto.Sevilla,10/4/2014 9:21:32 PM,Ayto.Sevilla,-664662.600000001,4494015.2
50,25,Avenida de la Cruz Roja,Calle Albaida,37.403145,-5.981085,10/4/2014 9:21:32 PM,Ayto.Sevilla,10/4/2014 9:21:32 PM,Ayto.Sevilla,-665811.300000001,4495450
51,156,Avenida Kansas City,Baltasar Gracián,37.391483,-5.972649,10/4/2014 9:21:32 PM,Ayto.Sevilla,10/4/2014 9:21:32 PM,Ayto.Sevilla,-664872.199999999,4493815.9
52,26,Avenida de Miraflores,Calle Manuel Ródenas,37.402542,-5.977635,10/4/2014 9:21:32 PM,Ayto.Sevilla,10/4/2014 9:21:32 PM,Ayto.Sevilla,-665427.300000001,4495365.5
53,157,Avenida Cardenal Bueno Monreal,Avenida Ramón Carande,37.369778,-5.978165,10/4/2014 9:21:32 PM,Ayto.Sevilla,10/4/2014 9:21:32 PM,Ayto.Sevilla,-665486.300000001,4490775.2
54,27,Avenida de Llanes,Calle Escultor Francisco Buiza,37.403881,-5.972099,10/4/2014 9:21:32 PM,Ayto.Sevilla,10/4/2014 9:21:32 PM,Ayto.Sevilla,-664811,4495553.1
55,28,Calle Rafael Salgado,Calle Castillo Alcala de Guadaira,37.360332,-5.976723,10/4/2014 9:21:32 PM,Ayto.Sevilla,10/4/2014 9:21:32 PM,Ayto.Sevilla,-665325.800000001,4489452.1
56,158,Avenida Cardenal Bueno Monreal,Calle Bogota,37.368866,-5.981573,10/4/2014 9:21:32 PM,Ayto.Sevilla,10/4/2014 9:21:32 PM,Ayto.Sevilla,-665865.699999999,4490647.4
57,29,Carretera de Carmona,Avenida de Llanes,37.402534,-5.970082,10/4/2014 9:21:32 PM,Ayto.Sevilla,10/4/2014 9:21:32 PM,Ayto.Sevilla,-664586.5,4495364.3
58,159,Avenida Cardenal Bueno Monreal,Avenida Manuel Siurot,37.368046,-5.984859,10/4/2014 9:21:32 PM,Ayto.Sevilla,10/4/2014 9:21:32 PM,Ayto.Sevilla,-666231.5,4490532.6
59,30,Avenida Eduardo Dato,Detrás Estadio Sánchez Pizjuan,37.382519,-5.970812,10/4/2014 9:21:32 PM,Ayto.Sevilla,10/4/2014 9:21:32 PM,Ayto.Sevilla,-664667.800000001,4492560
60,160,Calle Arjona,Puente de Triana,37.387516,-6.001927,10/4/2014 9:21:32 PM,Ayto.Sevilla,10/4/2014 9:21:32 PM,Ayto.Sevilla,-668131.5,4493260.1
61,31,Avenida de Miraflores,Calle Albaida,37.400414,-5.979831,10/4/2014 9:21:32 PM,Ayto.Sevilla,10/4/2014 9:21:32 PM,Ayto.Sevilla,-665671.699999999,4495067.3
62,161,Avenida Alcalde Manuel del Valle,Calle Baltasar de Alcázar,37.399986,-5.969145,10/4/2014 9:21:32 PM,Ayto.Sevilla,10/4/2014 9:21:32 PM,Ayto.Sevilla,-664482.199999999,4495007.3
63,32,Calle Muñoz León,Calle Morera,37.402061,-5.986304,10/4/2014 9:21:32 PM,Ayto.Sevilla,10/4/2014 9:21:32 PM,Ayto.Sevilla,-666392.300000001,4495298.1
64,162,Avenida Solea,Calle Media Granaína,37.391525,-5.968482,10/4/2014 9:21:32 PM,Ayto.Sevilla,10/4/2014 9:21:32 PM,Ayto.Sevilla,-664408.399999999,4493821.7
65,33,Calle León XIII,Calle Antonio Pantión,37.401531,-5.983708,10/4/2014 9:21:32 PM,Ayto.Sevilla,10/4/2014 9:21:32 PM,Ayto.Sevilla,-666103.300000001,4495223.8
66,34,Plaza Pumarejo,Calle San Luis,37.400932,-5.988557,10/4/2014 9:21:32 PM,Ayto.Sevilla,10/4/2014 9:21:32 PM,Ayto.Sevilla,-666643.100000001,4495139.9
67,163,Calle Sinaí,Calle Baltazar Gracián,37.389927,-5.970793,10/4/2014 9:21:32 PM,Ayto.Sevilla,10/4/2014 9:21:32 PM,Ayto.Sevilla,-664665.600000001,4493597.8
68,35,Alameda de Hercules,Calle Peris Mencheta,37.400818,-5.993774,10/4/2014 9:21:32 PM,Ayto.Sevilla,10/4/2014 9:21:32 PM,Ayto.Sevilla,-667223.899999999,4495123.9
69,36,Calle San Vicente,Calle Guadalquivir,37.400543,-5.998318,10/4/2014 9:21:32 PM,Ayto.Sevilla,10/4/2014 9:21:32 PM,Ayto.Sevilla,-667729.699999999,4495085.3
70,164,Calle Luis Montoto,Calle El Greco,37.387638,-5.965657,10/4/2014 9:21:32 PM,Ayto.Sevilla,10/4/2014 9:21:32 PM,Ayto.Sevilla,-664093.899999999,4493277.1
71,165,Avenida de Andalucia,Centro Comercial Los Arcos,37.387638,-5.961011,10/4/2014 9:21:32 PM,Ayto.Sevilla,10/4/2014 9:21:32 PM,Ayto.Sevilla,-663576.699999999,4493277.1
72,37,Alameda de Hércules,Calle Vulcano,37.398609,-5.99357,10/4/2014 9:21:32 PM,Ayto.Sevilla,10/4/2014 9:21:32 PM,Ayto.Sevilla,-667201.199999999,4494814.3
73,166,Ronda del Tamarguillo,Centro Comercial Los Arcos,37.388538,-5.959222,10/4/2014 9:21:32 PM,Ayto.Sevilla,10/4/2014 9:21:32 PM,Ayto.Sevilla,-663377.600000001,4493403.2
74,38,Calle del Inca Garcilaso,Calle Juan Antonio de Vizarrón,37.392025,-6.011066,10/4/2014 9:21:32 PM,Ayto.Sevilla,10/4/2014 9:21:32 PM,Ayto.Sevilla,-669148.800000001,4493891.8
75,167,Glorieta Bizco Amate,"Ramón y Cajal, Esq. Ronda",37.373352,-5.964932,10/4/2014 9:21:32 PM,Ayto.Sevilla,10/4/2014 9:21:32 PM,Ayto.Sevilla,-664013.199999999,4491275.8
76,168,Avenida Ramón y Cajal,Avenida de la Ciudad Jardín,37.375114,-5.967674,10/4/2014 9:21:32 PM,Ayto.Sevilla,10/4/2014 9:21:32 PM,Ayto.Sevilla,-664318.399999999,4491522.6
77,169,Avenida Ramón y Cajal,Calle Villegas Marmolejo,37.376698,-5.97307,10/4/2014 9:21:32 PM,Ayto.Sevilla,10/4/2014 9:21:32 PM,Ayto.Sevilla,-664919.100000001,4491744.5
78,39,Avenida de Torneo,Calle Curtidurías,37.397881,-5.998519,10/4/2014 9:21:32 PM,Ayto.Sevilla,10/4/2014 9:21:32 PM,Ayto.Sevilla,-667752.100000001,4494712.3
79,170,Plaza Antonio Aparicio Herrero, ,37.37899,-5.968885,10/4/2014 9:21:32 PM,Ayto.Sevilla,10/4/2014 9:21:32 PM,Ayto.Sevilla,-664453.199999999,4492065.6
80,40,Avenida Reina Mercedes,Glorieta Alcalde de Parias Merry,37.356396,-5.986558,10/4/2014 9:21:32 PM,Ayto.Sevilla,10/4/2014 9:21:32 PM,Ayto.Sevilla,-666420.600000001,4488900.9
81,171,Calle Alfonso Lasso de la Vega,Párroco Antonio González,37.366135,-5.974922,10/4/2014 9:21:32 PM,Ayto.Sevilla,10/4/2014 9:21:32 PM,Ayto.Sevilla,-665125.300000001,4490264.9
82,41,Plaza Calderón de la Barca,Calle Amargura,37.399551,-5.990966,10/4/2014 9:21:32 PM,Ayto.Sevilla,10/4/2014 9:21:32 PM,Ayto.Sevilla,-666911.300000001,4494946.3
83,172,Ronda Tamarguillo,Alfonso Laso de la Vega,37.36713,-5.971252,10/4/2014 9:21:32 PM,Ayto.Sevilla,10/4/2014 9:21:32 PM,Ayto.Sevilla,-664716.699999999,4490404.3
84,42,Plaza Cronista,Calle Divina Pastora,37.398811,-5.989523,10/4/2014 9:21:32 PM,Ayto.Sevilla,10/4/2014 9:21:32 PM,Ayto.Sevilla,-666750.699999999,4494842.6
85,173,Ronda Tamarguillo,Avenida de la Paz,37.370045,-5.968101,10/4/2014 9:21:32 PM,Ayto.Sevilla,10/4/2014 9:21:32 PM,Ayto.Sevilla,-664366,4490812.6
86,43,Ronda Capuchinos,Calle Maestro Quiroga,37.399139,-5.982737,10/4/2014 9:21:32 PM,Ayto.Sevilla,10/4/2014 9:21:32 PM,Ayto.Sevilla,-665995.199999999,4494888.6
87,44,Ronda Capuchinos,Calle Corinto,37.398323,-5.981774,10/4/2014 9:21:32 PM,Ayto.Sevilla,10/4/2014 9:21:32 PM,Ayto.Sevilla,-665888,4494774.3
88,174,Ronda Tamarguillo,Marqués de Pickman,37.380611,-5.960573,10/4/2014 9:21:32 PM,Ayto.Sevilla,10/4/2014 9:21:32 PM,Ayto.Sevilla,-663528,4492292.7
89,45,Carretera de Carmona,Calle de Francisco de Ariño,37.39991,-5.977796,10/4/2014 9:21:32 PM,Ayto.Sevilla,10/4/2014 9:21:32 PM,Ayto.Sevilla,-665445.199999999,4494996.6
90,175,Ronda Tamarguillo,Plaza Ruperto Chapí,37.377731,-5.960825,10/4/2014 9:21:32 PM,Ayto.Sevilla,10/4/2014 9:21:32 PM,Ayto.Sevilla,-663556,4491889.2
91,46,Plaza del Pelicano,Calle Enladrillada,37.39761,-5.984116,10/4/2014 9:21:32 PM,Ayto.Sevilla,10/4/2014 9:21:32 PM,Ayto.Sevilla,-666148.699999999,4494674.4
92,176,Avenida de la Ciudad Jardín,Calle Profesor Braña,37.37756,-5.966566,10/4/2014 9:21:32 PM,Ayto.Sevilla,10/4/2014 9:21:32 PM,Ayto.Sevilla,-664195.100000001,4491865.3
93,47,Calle Hiniesta,Convento Santa Isabel,37.396458,-5.987466,10/4/2014 9:21:32 PM,Ayto.Sevilla,10/4/2014 9:21:32 PM,Ayto.Sevilla,-666521.699999999,4494512.9
94,48,Calle Churruca,Calle González Cuadrado,37.397221,-5.991182,10/4/2014 9:21:32 PM,Ayto.Sevilla,10/4/2014 9:21:32 PM,Ayto.Sevilla,-666935.300000001,4494619.9
95,177,Avenida Alcalde Juan Fernández,Calle Profesor Buenaventura,37.373112,-5.969032,10/4/2014 9:21:32 PM,Ayto.Sevilla,10/4/2014 9:21:32 PM,Ayto.Sevilla,-664469.600000001,4491242.2
96,178,Calle Ibiza,Avenida de la Paz,37.373211,-5.973895,10/4/2014 9:21:32 PM,Ayto.Sevilla,10/4/2014 9:21:32 PM,Ayto.Sevilla,-665010.899999999,4491256
97,49,Alameda de Hercules,Calle Amor de Dios,37.396938,-5.993906,10/4/2014 9:21:32 PM,Ayto.Sevilla,10/4/2014 9:21:32 PM,Ayto.Sevilla,-667238.600000001,4494580.2
98,50,Calle de Hernán Cortés,Calle Eslava,37.397572,-5.99669,10/4/2014 9:21:32 PM,Ayto.Sevilla,10/4/2014 9:21:32 PM,Ayto.Sevilla,-667548.5,4494669
99,179,Ronda Urbana Norte,Juventudes Musicales,37.413208,-5.98514,10/4/2014 9:21:32 PM,Ayto.Sevilla,10/4/2014 9:21:32 PM,Ayto.Sevilla,-666262.699999999,4496860.2
100,51,Avenida Torneo,Calle Luis Rey Romero,37.395599,-6.002384,10/4/2014 9:21:32 PM,Ayto.Sevilla,10/4/2014 9:21:32 PM,Ayto.Sevilla,-668182.300000001,4494392.6
101,180,Calle Doctor Jaime Marcos,Calle Doctor Fedriani,37.409676,-5.984358,10/4/2014 9:21:32 PM,Ayto.Sevilla,10/4/2014 9:21:32 PM,Ayto.Sevilla,-666175.699999999,4496365.2
102,52,Calle del Inca Garcilaso,Calle Jerónimo de Aguilar,37.394142,-6.010476,10/4/2014 9:21:32 PM,Ayto.Sevilla,10/4/2014 9:21:32 PM,Ayto.Sevilla,-669083.100000001,4494188.4
103,181,Ronda Urbana Norte,Calle Doctor Fedriani,37.413418,-5.982516,10/4/2014 9:21:32 PM,Ayto.Sevilla,10/4/2014 9:21:32 PM,Ayto.Sevilla,-665970.600000001,4496889.7
104,53,Calle Reyes Católicos,Calle Gravina,37.389301,-5.999584,10/4/2014 9:21:32 PM,Ayto.Sevilla,10/4/2014 9:21:32 PM,Ayto.Sevilla,-667870.600000001,4493510.1
105,182,Calle Victoria Kent,Avenida Alcalde Manuel del Valle,37.414639,-5.97387,10/4/2014 9:21:32 PM,Ayto.Sevilla,10/4/2014 9:21:32 PM,Ayto.Sevilla,-665008.199999999,4497060.8
106,54,Plaza San Juan de la Palma,Iglesia,37.395222,-5.990926,10/4/2014 9:21:32 PM,Ayto.Sevilla,10/4/2014 9:21:32 PM,Ayto.Sevilla,-666906.800000001,4494339.7
107,55,Calle de Maria Auxiliadora,Calle Gonzalo de Bilbao,37.393433,-5.983788,10/4/2014 9:21:32 PM,Ayto.Sevilla,10/4/2014 9:21:32 PM,Ayto.Sevilla,-666112.199999999,4494089.1
108,56,Plaza Ponce de Leon,Calle Juan de Mesa,37.393101,-5.987667,10/4/2014 9:21:32 PM,Ayto.Sevilla,10/4/2014 9:21:32 PM,Ayto.Sevilla,-666544,4494042.6
109,57,Plaza Cristo de Burgos,Plaza de San Pedro,37.392216,-5.989921,10/4/2014 9:21:32 PM,Ayto.Sevilla,10/4/2014 9:21:32 PM,Ayto.Sevilla,-666795,4493918.6
110,183,Alcalde Manuel del Valle,Calle Pino Montano,37.410767,-5.971348,10/4/2014 9:21:32 PM,Ayto.Sevilla,10/4/2014 9:21:32 PM,Ayto.Sevilla,-664727.399999999,4496518.1
111,58,Calle Regina,Plaza de la Encarnación,37.39426,-5.991683,10/4/2014 9:21:32 PM,Ayto.Sevilla,10/4/2014 9:21:32 PM,Ayto.Sevilla,-666991.100000001,4494205
112,59,Avenida de la Palmera,Avenida del Líbano,37.371174,-5.989169,10/4/2014 9:21:32 PM,Ayto.Sevilla,10/4/2014 9:21:32 PM,Ayto.Sevilla,-666711.199999999,4490970.7
113,184,Avenida Alcalde Manuel del Valle,Calle San Juan de la Salle,37.408543,-5.970511,10/4/2014 9:21:32 PM,Ayto.Sevilla,10/4/2014 9:21:32 PM,Ayto.Sevilla,-664634.199999999,4496206.4
114,60,Plaza de la Concordia,Calle Teniente Borges,37.39389,-5.996835,10/4/2014 9:21:32 PM,Ayto.Sevilla,10/4/2014 9:21:32 PM,Ayto.Sevilla,-667564.600000001,4494153.1
115,61,Plaza del Museo,Calle Alfonso XII,37.392838,-5.999372,10/4/2014 9:21:32 PM,Ayto.Sevilla,10/4/2014 9:21:32 PM,Ayto.Sevilla,-667847,4494005.7
116,62,Plaza de Armas,Avenida Torneo (estación de autobuses),37.391129,-6.003194,10/4/2014 9:21:32 PM,Ayto.Sevilla,10/4/2014 9:21:32 PM,Ayto.Sevilla,-668272.5,4493766.3
117,63,Calle San Pablo,Calle Bailén,37.390331,-5.998184,10/4/2014 9:21:32 PM,Ayto.Sevilla,10/4/2014 9:21:32 PM,Ayto.Sevilla,-667714.800000001,4493654.5
118,185,Avenida Alcalde Manuel del Valle,Calle Alejandro Sawa,37.405136,-5.968862,10/4/2014 9:21:32 PM,Ayto.Sevilla,10/4/2014 9:21:32 PM,Ayto.Sevilla,-664450.699999999,4495729
119,64,Calle Cuesta del Rosario,Plaza de la Pescadería,37.389816,-5.991134,10/4/2014 9:21:32 PM,Ayto.Sevilla,10/4/2014 9:21:32 PM,Ayto.Sevilla,-666930,4493582.3
120,65,Calle Alhóndiga,Cardenal Cervantes,37.391354,-5.988126,10/4/2014 9:21:32 PM,Ayto.Sevilla,10/4/2014 9:21:32 PM,Ayto.Sevilla,-666595.100000001,4493797.8
121,66,Calle Arroyo,Avenida José Laguillo,37.393669,-5.981848,10/4/2014 9:21:32 PM,Ayto.Sevilla,10/4/2014 9:21:32 PM,Ayto.Sevilla,-665896.300000001,4494122.1
122,186,Calle Orfebre Dominguez Vázquez,Calle Pino Montano,37.408657,-5.97309,10/4/2014 9:21:32 PM,Ayto.Sevilla,10/4/2014 9:21:32 PM,Ayto.Sevilla,-664921.300000001,4496222.4
123,67,Calle Leonardo Da Vinci,Calle Albert Einstein,37.404152,-6.007303,10/4/2014 9:21:32 PM,Ayto.Sevilla,10/4/2014 9:21:32 PM,Ayto.Sevilla,-668729.899999999,4495591.1
124,187,Calle Doctor Laffon,Calle Efeso,37.395451,-5.964004,10/4/2014 9:21:32 PM,Ayto.Sevilla,10/4/2014 9:21:32 PM,Ayto.Sevilla,-663909.899999999,4494371.8
125,68,Calle Juan Antonio Cabestany,Calle Júpiter,37.390232,-5.979951,10/4/2014 9:21:32 PM,Ayto.Sevilla,10/4/2014 9:21:32 PM,Ayto.Sevilla,-665685.100000001,4493640.6
126,188,Avenida Hytasa,Calle Romeral,37.372593,-5.963385,10/4/2014 9:21:32 PM,Ayto.Sevilla,10/4/2014 9:21:32 PM,Ayto.Sevilla,-663841,4491169.5
127,69,Calle Jose Laguillo,Calle Pablo Iglesias,37.392132,-5.978719,10/4/2014 9:21:32 PM,Ayto.Sevilla,10/4/2014 9:21:32 PM,Ayto.Sevilla,-665548,4493906.8
128,70,Estación Renfe Santa Justa,Estación RENFE Santa Justa,37.391315,-5.97621,10/4/2014 9:21:32 PM,Ayto.Sevilla,10/4/2014 9:21:32 PM,Ayto.Sevilla,-665268.699999999,4493792.3
129,71,Avenida Kansas City,Hotel Occidental,37.389893,-5.974438,10/4/2014 9:21:32 PM,Ayto.Sevilla,10/4/2014 9:21:32 PM,Ayto.Sevilla,-665071.399999999,4493593.1
130,72,Calle Amador de los Rios,Calle Lópe de Vega,37.390732,-5.982777,10/4/2014 9:21:32 PM,Ayto.Sevilla,10/4/2014 9:21:32 PM,Ayto.Sevilla,-665999.699999999,4493710.6
131,189,Avenida Hytasa,Nuestra Señora de los Dolores,37.370079,-5.959466,10/4/2014 9:21:32 PM,Ayto.Sevilla,10/4/2014 9:21:32 PM,Ayto.Sevilla,-663404.699999999,4490817.3
132,73,Plaza San Agustin,Calle Concepción,37.38953,-5.984488,10/4/2014 9:21:32 PM,Ayto.Sevilla,10/4/2014 9:21:32 PM,Ayto.Sevilla,-666190.199999999,4493542.2
133,190,Avenida Hytasa,Calle Herramienta,37.368774,-5.957272,10/4/2014 9:21:32 PM,Ayto.Sevilla,10/4/2014 9:21:32 PM,Ayto.Sevilla,-663160.5,4490634.5
134,74,Plaza Pilatos,Calle San Esteban,37.389713,-5.986953,10/4/2014 9:21:32 PM,Ayto.Sevilla,10/4/2014 9:21:32 PM,Ayto.Sevilla,-666464.600000001,4493567.9
135,191,Glorieta Carlos Cano,Calle Blas Infante,37.37838,-6.008913,10/4/2014 9:21:32 PM,Ayto.Sevilla,10/4/2014 9:21:32 PM,Ayto.Sevilla,-668909.100000001,4491980.1
136,75,Plaza San Francisco,Calle Hernando Colón,37.388126,-5.993839,10/4/2014 9:21:32 PM,Ayto.Sevilla,10/4/2014 9:21:32 PM,Ayto.Sevilla,-667231.100000001,4493345.5
137,76,Plaza Nueva,Calle Jaen,37.388912,-5.995605,10/4/2014 9:21:32 PM,Ayto.Sevilla,10/4/2014 9:21:32 PM,Ayto.Sevilla,-667427.699999999,4493455.6
138,192,Avenida de Alvar Nuñez,Calle Collante,37.378338,-6.011536,10/4/2014 9:21:32 PM,Ayto.Sevilla,10/4/2014 9:21:32 PM,Ayto.Sevilla,-669201.100000001,4491974.3
139,77,Plaza Chapina,Hotel Abba Triana,37.389545,-6.007778,10/4/2014 9:21:32 PM,Ayto.Sevilla,10/4/2014 9:21:32 PM,Ayto.Sevilla,-668782.800000001,4493544.3
140,193,Avenida de Coria,Calle Coruña,37.38113,-6.011977,10/4/2014 9:21:32 PM,Ayto.Sevilla,10/4/2014 9:21:32 PM,Ayto.Sevilla,-669250.199999999,4492365.4
141,78,Calle Alfareria,Ronda de Triana,37.388588,-6.010287,10/4/2014 9:21:32 PM,Ayto.Sevilla,10/4/2014 9:21:32 PM,Ayto.Sevilla,-669062.100000001,4493410.2
142,194,Calle Parque de Doñana,Calle Corral de los Olmos,37.418633,-5.973251,10/4/2014 9:21:32 PM,Ayto.Sevilla,10/4/2014 9:21:32 PM,Ayto.Sevilla,-664939.300000001,4497620.6
143,79,Plaza de las Mercedarias,Calle Ibarra,37.388386,-5.98699,10/4/2014 9:21:32 PM,Ayto.Sevilla,10/4/2014 9:21:32 PM,Ayto.Sevilla,-666468.699999999,4493381.9
144,195,Calle Corral del Agua,Calle Camino de los Toros,37.421741,-5.971645,10/4/2014 9:21:32 PM,Ayto.Sevilla,10/4/2014 9:21:32 PM,Ayto.Sevilla,-664760.5,4498056.2
145,196,Calle Estrella Canopus,Calle Estrella Betelgeuse,37.424683,-5.970094,10/4/2014 9:21:32 PM,Ayto.Sevilla,10/4/2014 9:21:32 PM,Ayto.Sevilla,-664587.800000001,4498468.6
146,80,Calle Luis Montoto,Calle Alberto Duero,37.387627,-5.981026,10/4/2014 9:21:32 PM,Ayto.Sevilla,10/4/2014 9:21:32 PM,Ayto.Sevilla,-665804.800000001,4493275.6
147,197,Calle Agricultores,Calle Estrella Betelgeuse,37.423416,-5.966408,10/4/2014 9:21:32 PM,Ayto.Sevilla,10/4/2014 9:21:32 PM,Ayto.Sevilla,-664177.5,4498291
148,81,Calle Luis Montoto,Calle Benitos Mas y Prat,37.387157,-5.971005,10/4/2014 9:21:32 PM,Ayto.Sevilla,10/4/2014 9:21:32 PM,Ayto.Sevilla,-664689.199999999,4493209.8
149,198,Calle Mar de Alborán,Calle Camino de los Toros,37.420444,-5.967942,10/4/2014 9:21:32 PM,Ayto.Sevilla,10/4/2014 9:21:32 PM,Ayto.Sevilla,-664348.300000001,4497874.4
150,82,Calle Luis Montoto,Calle Maese Farfán,37.387093,-5.974814,10/4/2014 9:21:32 PM,Ayto.Sevilla,10/4/2014 9:21:32 PM,Ayto.Sevilla,-665113.300000001,4493200.8
151,199,Calle Mar de Alborán,Corral de los Olmos,37.417839,-5.969311,10/4/2014 9:21:32 PM,Ayto.Sevilla,10/4/2014 9:21:32 PM,Ayto.Sevilla,-664500.699999999,4497509.3
152,83,Avenida La Buhaira,Avenida Luis Montoto,37.386997,-5.978032,10/4/2014 9:21:32 PM,Ayto.Sevilla,10/4/2014 9:21:32 PM,Ayto.Sevilla,-665471.5,4493187.3
153,200,Calle Camino de Los Toros,Calle Mediterráneo,37.418919,-5.963193,10/4/2014 9:21:32 PM,Ayto.Sevilla,10/4/2014 9:21:32 PM,Ayto.Sevilla,-663819.600000001,4497660.7
154,84,Calle José María Moreno Galván,Calle Juan Antonio Cabestany,37.387375,-5.983063,10/4/2014 9:21:32 PM,Ayto.Sevilla,10/4/2014 9:21:32 PM,Ayto.Sevilla,-666031.5,4493240.3
155,201,Calle Pino Montano,Calle Estafeta,37.415722,-5.967817,10/4/2014 9:21:32 PM,Ayto.Sevilla,10/4/2014 9:21:32 PM,Ayto.Sevilla,-664334.300000001,4497212.6
156,85,Paseo Catalina Ribera,Frente a la Diputación Provincial,37.385303,-5.986732,10/4/2014 9:21:32 PM,Ayto.Sevilla,10/4/2014 9:21:32 PM,Ayto.Sevilla,-666440,4492950
157,86,Camino de los Descubrimientos,Pasarela de la Cartuja,37.39706,-6.006276,10/4/2014 9:21:32 PM,Ayto.Sevilla,10/4/2014 9:21:32 PM,Ayto.Sevilla,-668615.600000001,4494597.3
158,87,Plaza Nueva,Calle Tetuan,37.388927,-5.995421,10/4/2014 9:21:32 PM,Ayto.Sevilla,10/4/2014 9:21:32 PM,Ayto.Sevilla,-667407.199999999,4493457.7
159,202,Avenida Mujer Trabajadora,Avenida Miraflores,37.411491,-5.966746,10/4/2014 9:21:32 PM,Ayto.Sevilla,10/4/2014 9:21:32 PM,Ayto.Sevilla,-664215.100000001,4496619.6
160,203,Calle Tesalónica,Calle Mazzantini,37.396206,-5.958765,10/4/2014 9:21:32 PM,Ayto.Sevilla,10/4/2014 9:21:32 PM,Ayto.Sevilla,-663326.699999999,4494477.6
161,204,Calle Doctor Laffon,Calle Tesalonica,37.397659,-5.961647,10/4/2014 9:21:32 PM,Ayto.Sevilla,10/4/2014 9:21:32 PM,Ayto.Sevilla,-663647.5,4494681.2
162,88,Calle Americo Vespucio,Calle Hermanos d'Eluyar,37.409214,-6.006432,10/4/2014 9:21:32 PM,Ayto.Sevilla,10/4/2014 9:21:32 PM,Ayto.Sevilla,-668633,4496300.5
163,205,Avenida Kansas City,Plaza el Tato,37.400173,-5.961821,10/4/2014 9:21:32 PM,Ayto.Sevilla,10/4/2014 9:21:32 PM,Ayto.Sevilla,-663666.899999999,4495033.5
164,89,Calle Adriano,Calle Antonia Díaz,37.386475,-5.997763,10/4/2014 9:21:32 PM,Ayto.Sevilla,10/4/2014 9:21:32 PM,Ayto.Sevilla,-667667.899999999,4493114.2
165,206,Avenida Kansas City,Calle Macedonia,37.402988,-5.9582,10/4/2014 9:21:32 PM,Ayto.Sevilla,10/4/2014 9:21:32 PM,Ayto.Sevilla,-663263.800000001,4495428
166,90,Calle Roma,Calle Palos de la Frontera,37.38121,-5.99354,10/4/2014 9:21:32 PM,Ayto.Sevilla,10/4/2014 9:21:32 PM,Ayto.Sevilla,-667197.800000001,4492376.6
167,207,Calle Ifni,Avenida de Holanda,37.355045,-5.982391,10/4/2014 9:21:32 PM,Ayto.Sevilla,10/4/2014 9:21:32 PM,Ayto.Sevilla,-665956.699999999,4488711.7
168,91,Calle Procurador,Clara de Jesús Monteto,37.386932,-6.007643,10/4/2014 9:21:32 PM,Ayto.Sevilla,10/4/2014 9:21:32 PM,Ayto.Sevilla,-668767.800000001,4493178.2
169,208,Avenida de Grecia,Avenida de Italia,37.350651,-5.984197,10/4/2014 9:21:32 PM,Ayto.Sevilla,10/4/2014 9:21:32 PM,Ayto.Sevilla,-666157.800000001,4488096.4
170,92,Ronda de Triana,Calle de Manuel Arellano,37.385529,-6.011166,10/4/2014 9:21:32 PM,Ayto.Sevilla,10/4/2014 9:21:32 PM,Ayto.Sevilla,-669159.899999999,4492981.7
171,93,Ronda de Triana,Calle San Vicente de Paul,37.383072,-6.010889,10/4/2014 9:21:32 PM,Ayto.Sevilla,10/4/2014 9:21:32 PM,Ayto.Sevilla,-669129.100000001,4492637.4
172,209,Avenida Alemania,Glorieta Chequia,37.345284,-5.982614,10/4/2014 9:21:32 PM,Ayto.Sevilla,10/4/2014 9:21:32 PM,Ayto.Sevilla,-665981.5,4487344.8
173,94,Plaza del Zurraque,Calle Doc. Jeronimo Pou,37.383343,-6.00821,10/4/2014 9:21:32 PM,Ayto.Sevilla,10/4/2014 9:21:32 PM,Ayto.Sevilla,-668830.899999999,4492675.4
174,95,Calle Américo Vespucio,Calle Juan Bautista Muñoz,37.412148,-6.006387,10/4/2014 9:21:32 PM,Ayto.Sevilla,10/4/2014 9:21:32 PM,Ayto.Sevilla,-668627.899999999,4496711.7
175,96,Calle Betis,Calle Juan de Lugo,37.383766,-6.000161,10/4/2014 9:21:32 PM,Ayto.Sevilla,10/4/2014 9:21:32 PM,Ayto.Sevilla,-667934.899999999,4492734.7
176,210,Paseo de Europa,Avenida de Francia,37.348045,-5.980027,10/4/2014 9:21:32 PM,Ayto.Sevilla,10/4/2014 9:21:32 PM,Ayto.Sevilla,-665693.600000001,4487731.4
177,97,Paseo de Cristóbal Colón,Torre del Oro,37.381561,-5.995531,10/4/2014 9:21:32 PM,Ayto.Sevilla,10/4/2014 9:21:32 PM,Ayto.Sevilla,-667419.5,4492425.8
178,211,Avenida de Alemania,Glorieta de Letonia,37.346104,-5.97609,10/4/2014 9:21:32 PM,Ayto.Sevilla,10/4/2014 9:21:32 PM,Ayto.Sevilla,-665255.300000001,4487459.6
179,98,Avenida de Roma,Puerta de Jerez,37.381989,-5.993251,10/4/2014 9:21:32 PM,Ayto.Sevilla,10/4/2014 9:21:32 PM,Ayto.Sevilla,-667165.600000001,4492485.7
180,99,Calle Américo Vespucio,Gerencia de Urbanismo de Sevilla,37.397377,-6.010554,10/4/2014 9:21:32 PM,Ayto.Sevilla,10/4/2014 9:21:32 PM,Ayto.Sevilla,-669091.800000001,4494641.7
181,212,Avenida Reino Unido,Avenida de Italia,37.351608,-5.977771,10/4/2014 9:21:32 PM,Ayto.Sevilla,10/4/2014 9:21:32 PM,Ayto.Sevilla,-665442.399999999,4488230.4
182,100,Paseo Catalina Ribera,Calle San Fernando,37.381561,-5.989214,10/4/2014 9:21:32 PM,Ayto.Sevilla,10/4/2014 9:21:32 PM,Ayto.Sevilla,-666716.300000001,4492425.8
183,101,Prado de San Sebastian,Estación de autobuses,37.381298,-5.986873,10/4/2014 9:21:32 PM,Ayto.Sevilla,10/4/2014 9:21:32 PM,Ayto.Sevilla,-666455.699999999,4492388.9
184,213,Avenida de Andalucia,Cochera de TUSSAM,37.387173,-5.948397,10/4/2014 9:21:32 PM,Ayto.Sevilla,10/4/2014 9:21:32 PM,Ayto.Sevilla,-662172.5,4493212
185,102,Calle Juan de Mata Carriazo,Antigua estación San Bernardo,37.38274,-5.983716,10/4/2014 9:21:32 PM,Ayto.Sevilla,10/4/2014 9:21:32 PM,Ayto.Sevilla,-666104.199999999,4492590.9
186,103,Avenida Eduardo Dato,Calle San Bernardo,37.384309,-5.98252,10/4/2014 9:21:32 PM,Ayto.Sevilla,10/4/2014 9:21:32 PM,Ayto.Sevilla,-665971.100000001,4492810.7
187,104,Avenida Eduardo Dato,Calle Fuenteovejuna,37.384171,-5.979757,10/4/2014 9:21:32 PM,Ayto.Sevilla,10/4/2014 9:21:32 PM,Ayto.Sevilla,-665663.5,4492791.4
188,214,Avenida de Andalucia,Entrada TUSSAM,37.38718,-5.948491,10/4/2014 9:21:32 PM,Ayto.Sevilla,10/4/2014 9:21:32 PM,Ayto.Sevilla,-662183,4493213
189,105,Calle Francisco Murillo,Calle Manuel Siurot,37.358913,-5.980601,10/4/2014 9:21:32 PM,Ayto.Sevilla,10/4/2014 9:21:32 PM,Ayto.Sevilla,-665757.5,4489253.4
190,106,Avenida Eduardo Dato,Calle Oscar Carvallo,37.383743,-5.977473,10/4/2014 9:21:32 PM,Ayto.Sevilla,10/4/2014 9:21:32 PM,Ayto.Sevilla,-665409.300000001,4492731.4
191,107,Calle Luis Morales,Nervión Plaza,37.384254,-5.972663,10/4/2014 9:21:32 PM,Ayto.Sevilla,10/4/2014 9:21:32 PM,Ayto.Sevilla,-664873.800000001,4492803
192,108,Avenida Eduardo Dato,Avenida de San Francisco Javier,37.382832,-5.973557,10/4/2014 9:21:32 PM,Ayto.Sevilla,10/4/2014 9:21:32 PM,Ayto.Sevilla,-664973.300000001,4492603.8
193,215,Calle Zorzal,Avenida de Andalucia,37.386658,-5.954,10/4/2014 9:21:32 PM,Ayto.Sevilla,10/4/2014 9:21:32 PM,Ayto.Sevilla,-662796.199999999,4493139.8
194,109,Avenida San Francisco Javier,Calle Camilo José Cela,37.379898,-5.974588,10/4/2014 9:21:32 PM,Ayto.Sevilla,10/4/2014 9:21:32 PM,Ayto.Sevilla,-665088.100000001,4492192.8
195,216,Calle Antioquia,Avenida de Pedro Romero,37.399948,-5.956273,10/4/2014 9:21:32 PM,Ayto.Sevilla,10/4/2014 9:21:32 PM,Ayto.Sevilla,-663049.300000001,4495002
196,110,Plaza Maria Mercedes Borbón,Calle Virgen de la Sierra,37.380184,-5.982969,10/4/2014 9:21:32 PM,Ayto.Sevilla,10/4/2014 9:21:32 PM,Ayto.Sevilla,-666021.100000001,4492232.9
197,111,Plaza Farmacéutico Murillo Herrera,Calle Pages de Corro,37.381264,-6.001008,10/4/2014 9:21:32 PM,Ayto.Sevilla,10/4/2014 9:21:32 PM,Ayto.Sevilla,-668029.199999999,4492384.2
198,112,Avenida J.Mª Martínez Sánchez Arjona,Plaza Amadeo Janone,37.380127,-6.004353,10/4/2014 9:21:32 PM,Ayto.Sevilla,10/4/2014 9:21:32 PM,Ayto.Sevilla,-668401.5,4492224.9
199,217,Calle de la A.D.A.,Calle Jerusalén,37.393906,-5.962387,10/4/2014 9:21:32 PM,Ayto.Sevilla,10/4/2014 9:21:32 PM,Ayto.Sevilla,-663729.899999999,4494155.4
200,113,Plaza San Martín de Porres,Avenida Alvar Núñez,37.380783,-6.009214,10/4/2014 9:21:32 PM,Ayto.Sevilla,10/4/2014 9:21:32 PM,Ayto.Sevilla,-668942.600000001,4492316.8
201,114,Glorieta Plus Ultra,Estadio Benito Villamarín,37.356327,-5.979288,10/4/2014 9:21:32 PM,Ayto.Sevilla,10/4/2014 9:21:32 PM,Ayto.Sevilla,-665611.300000001,4488891.2
202,218,Plaza del Altozano,Calle San Jorge,37.385116,-6.003605,10/4/2014 9:21:32 PM,Ayto.Sevilla,10/4/2014 9:21:32 PM,Ayto.Sevilla,-668318.300000001,4492923.8
203,115,Calle López de Gomara,Frente Instituto Adolfo Becquer,37.377857,-6.007161,10/4/2014 9:21:32 PM,Ayto.Sevilla,10/4/2014 9:21:32 PM,Ayto.Sevilla,-668714.100000001,4491906.9
204,219,Calle de la A.D.A.,Calle de Tesalónica,37.390614,-5.959053,10/4/2014 9:21:32 PM,Ayto.Sevilla,10/4/2014 9:21:32 PM,Ayto.Sevilla,-663358.699999999,4493694.1
205,116,Calle Manuel Siurot,Hospital Universitario Virgen del Rocio,37.361404,-5.981547,10/4/2014 9:21:32 PM,Ayto.Sevilla,10/4/2014 9:21:32 PM,Ayto.Sevilla,-665862.800000001,4489602.3
206,220,Avenida Alcalde Luis Uruñuela,Centro Comercial Zona Este,37.405083,-5.935817,10/4/2014 9:21:32 PM,Ayto.Sevilla,10/4/2014 9:21:32 PM,Ayto.Sevilla,-660772.100000001,4495721.6
207,117,Avenida J.Mª Martínez Sánchez Arjona,Avenida Republica Argentina,37.377785,-6.002577,10/4/2014 9:21:32 PM,Ayto.Sevilla,10/4/2014 9:21:32 PM,Ayto.Sevilla,-668203.800000001,4491896.8
208,118,Plaza de Cuba,Puente de San Telmo,37.380146,-5.997122,10/4/2014 9:21:32 PM,Ayto.Sevilla,10/4/2014 9:21:32 PM,Ayto.Sevilla,-667596.600000001,4492227.5
209,221,Avenida Alcalde Luis Uruñuela,Hotel Sevilla Congresos,37.405602,-5.930538,10/4/2014 9:21:32 PM,Ayto.Sevilla,10/4/2014 9:21:32 PM,Ayto.Sevilla,-660184.5,4495794.3
210,119,Avenida de Chile,Costurero de la Reina,37.377426,-5.991934,10/4/2014 9:21:32 PM,Ayto.Sevilla,10/4/2014 9:21:32 PM,Ayto.Sevilla,-667019,4491846.5
211,222,Avenida Alcalde Luis Uruñuela,Palacio de los Congresos,37.404102,-5.934514,10/4/2014 9:21:32 PM,Ayto.Sevilla,10/4/2014 9:21:32 PM,Ayto.Sevilla,-660627.100000001,4495584.1
212,120,Glorieta San Diego,Calle Palos de la Frontera,37.378845,-5.989949,10/4/2014 9:21:32 PM,Ayto.Sevilla,10/4/2014 9:21:32 PM,Ayto.Sevilla,-666798.100000001,4492045.3
213,223,Calle Gema,Avenida de las Ciencias,37.400715,-5.926361,10/4/2014 9:21:32 PM,Ayto.Sevilla,10/4/2014 9:21:32 PM,Ayto.Sevilla,-659719.5,4495109.5
214,121,Calle Doctor Pedro de Castro,Calle Doc. Gabriel Sánchez,37.377132,-5.981853,10/4/2014 9:21:32 PM,Ayto.Sevilla,10/4/2014 9:21:32 PM,Ayto.Sevilla,-665896.800000001,4491805.3
215,224,Avenida de las Ciencias,Calle de Ulises,37.397022,-5.92377,10/4/2014 9:21:32 PM,Ayto.Sevilla,10/4/2014 9:21:32 PM,Ayto.Sevilla,-659431.100000001,4494592
216,122,Calle Enramadilla,Calle Balbino Marrón,37.378597,-5.978425,10/4/2014 9:21:32 PM,Ayto.Sevilla,10/4/2014 9:21:32 PM,Ayto.Sevilla,-665515.199999999,4492010.5
217,225,Calle Flor De Retama,Centro Deportivo Entreflores,37.397411,-5.918765,10/4/2014 9:21:32 PM,Ayto.Sevilla,10/4/2014 9:21:32 PM,Ayto.Sevilla,-658873.899999999,4494646.5
218,123,Estadio Olimpico,Puerta E,37.415623,-6.006378,10/4/2014 9:21:32 PM,Ayto.Sevilla,10/4/2014 9:21:32 PM,Ayto.Sevilla,-668626.899999999,4497198.7
219,124,Calle Enramadilla,Calle Barrau,37.377636,-5.97733,10/4/2014 9:21:32 PM,Ayto.Sevilla,10/4/2014 9:21:32 PM,Ayto.Sevilla,-665393.300000001,4491875.9
220,125,Avenida San Francisco Javier,Avenida de Ramón y Cajal,37.377434,-5.974926,10/4/2014 9:21:32 PM,Ayto.Sevilla,10/4/2014 9:21:32 PM,Ayto.Sevilla,-665125.699999999,4491847.6
221,126,Avenida Reina Mercedes,Facultad de Informática,37.358261,-5.986459,10/4/2014 9:21:32 PM,Ayto.Sevilla,10/4/2014 9:21:32 PM,Ayto.Sevilla,-666409.600000001,4489162.1
222,226,Avenida Doctor Emilio Lemos,Calle de Birmania,37.402863,-5.921768,10/4/2014 9:21:32 PM,Ayto.Sevilla,10/4/2014 9:21:32 PM,Ayto.Sevilla,-659208.199999999,4495410.5
223,127,Calle Virgen de la Victoria,Calle Asunción,37.377636,-5.997794,10/4/2014 9:21:32 PM,Ayto.Sevilla,10/4/2014 9:21:32 PM,Ayto.Sevilla,-667671.399999999,4491875.9
224,227,Avenida Alcalde Luis Uruñuela,Calle Carlinga,37.390759,-5.91965,10/4/2014 9:21:32 PM,Ayto.Sevilla,10/4/2014 9:21:32 PM,Ayto.Sevilla,-658972.399999999,4493714.4
225,128,Calle Virgen de Loreto,Calle Arcos,37.375729,-5.999036,10/4/2014 9:21:32 PM,Ayto.Sevilla,10/4/2014 9:21:32 PM,Ayto.Sevilla,-667809.600000001,4491608.8
226,228,Avenida de las Ciencias,Calle Flor de Salvia,37.39447,-5.921188,10/4/2014 9:21:32 PM,Ayto.Sevilla,10/4/2014 9:21:32 PM,Ayto.Sevilla,-659143.600000001,4494234.4
227,129,Calle Virgen de Lujan,Virgen de la Victoria,37.374687,-6.002469,10/4/2014 9:21:32 PM,Ayto.Sevilla,10/4/2014 9:21:32 PM,Ayto.Sevilla,-668191.800000001,4491462.8
228,229,Avenida Aeronautica,Avenida del Deporte,37.387363,-5.919905,10/4/2014 9:21:32 PM,Ayto.Sevilla,10/4/2014 9:21:32 PM,Ayto.Sevilla,-659000.800000001,4493238.6
229,130,Glorieta Republica Dominicana,Calle López de Gomara,37.375725,-6.005651,10/4/2014 9:21:32 PM,Ayto.Sevilla,10/4/2014 9:21:32 PM,Ayto.Sevilla,-668546,4491608.2
230,230,Avenida de las Ciencias,Avenida de la Republica China,37.403938,-5.928131,10/4/2014 9:21:32 PM,Ayto.Sevilla,10/4/2014 9:21:32 PM,Ayto.Sevilla,-659916.5,4495561.1
231,231,Avenida Alcalde Luis Uruñuela,Paseo Miguel de Unamuno,37.401669,-5.942148,10/4/2014 9:21:32 PM,Ayto.Sevilla,10/4/2014 9:21:32 PM,Ayto.Sevilla,-661476.899999999,4495243.1
232,232,Avenida Alcalde Luis Uruñuela,Plaza de la Acogida,37.403976,-5.939756,10/4/2014 9:21:32 PM,Ayto.Sevilla,10/4/2014 9:21:32 PM,Ayto.Sevilla,-661210.600000001,4495566.4
233,233,Avenida Alcalde Luis Uruñuela,Estación de RENFE,37.404206,-5.937008,10/4/2014 9:21:32 PM,Ayto.Sevilla,10/4/2014 9:21:32 PM,Ayto.Sevilla,-660904.699999999,4495598.7
234,234,Calle Médicos Sin Frontera,Avenida de las Ciencias,37.399971,-5.925187,10/4/2014 9:21:32 PM,Ayto.Sevilla,10/4/2014 9:21:32 PM,Ayto.Sevilla,-659588.800000001,4495005.2
235,235,Calle Ciudad de Chiva,Calle Ciudad de Alfajar,37.411701,-5.929849,10/4/2014 9:21:32 PM,Ayto.Sevilla,10/4/2014 9:21:32 PM,Ayto.Sevilla,-660107.800000001,4496649
236,236,Ciudad de Chiva,Calle Ciudad de Liria,37.410217,-5.926472,10/4/2014 9:21:32 PM,Ayto.Sevilla,10/4/2014 9:21:32 PM,Ayto.Sevilla,-659731.800000001,4496441
237,237,Ciudad de Chiva,Calle Ildefonso Marañon,37.409332,-5.923247,10/4/2014 9:21:32 PM,Ayto.Sevilla,10/4/2014 9:21:32 PM,Ayto.Sevilla,-659372.800000001,4496317
238,238,Calle Ciudad de Chiva,Pza del Árbol Rey,37.408146,-5.920001,10/4/2014 9:21:32 PM,Ayto.Sevilla,10/4/2014 9:21:32 PM,Ayto.Sevilla,-659011.5,4496150.8
239,239,Calle Ciudad de Liria,Avenida de Fernando,37.408657,-5.927765,10/4/2014 9:21:32 PM,Ayto.Sevilla,10/4/2014 9:21:32 PM,Ayto.Sevilla,-659875.800000001,4496222.4
240,240,Avenida Alcalde Luis Uruñuela,Cueva de la Pileta,37.402603,-5.94051,10/4/2014 9:21:32 PM,Ayto.Sevilla,10/4/2014 9:21:32 PM,Ayto.Sevilla,-661294.5,4495374
241,241,Plaza Nueva,Calle Mendez Núñez,37.388844,-5.996077,10/4/2014 9:21:32 PM,Ayto.Sevilla,10/4/2014 9:21:32 PM,Ayto.Sevilla,-667480.199999999,4493446.1
242,242,Plaza Nueva,Calle Mendez Núñez,37.388882,-5.996081,10/4/2014 9:21:32 PM,Ayto.Sevilla,10/4/2014 9:21:32 PM,Ayto.Sevilla,-667480.699999999,4493451.4
243,243,Glorieta del Primero de Mayo,Calle Carlos Marx,37.380432,-5.953475,10/4/2014 9:21:32 PM,Ayto.Sevilla,10/4/2014 9:21:32 PM,Ayto.Sevilla,-662737.800000001,4492267.6
244,244,Avenida Juan XXIII,Av. de la Montería,37.378025,-5.951685,10/4/2014 9:21:32 PM,Ayto.Sevilla,10/4/2014 9:21:32 PM,Ayto.Sevilla,-662538.5,4491930.4
245,245,Calle de los Gavilanes,Calle Leandras,37.375389,-5.952626,10/4/2014 9:21:32 PM,Ayto.Sevilla,10/4/2014 9:21:32 PM,Ayto.Sevilla,-662643.300000001,4491561.1
246,246,Puerto de los Azores,Calle Paulo Orosio,37.376152,-5.955172,10/4/2014 9:21:32 PM,Ayto.Sevilla,10/4/2014 9:21:32 PM,Ayto.Sevilla,-662926.699999999,4491668
247,247,Enramadilla,Apeadero de San Bernardo,37.378418,-5.979398,10/4/2014 9:21:32 PM,Ayto.Sevilla,10/4/2014 9:21:32 PM,Ayto.Sevilla,-665623.5,4491985.5
248,248,Glorieta de los Ferroviarios,Calle Navarra,37.422062,-5.982863,10/4/2014 9:21:32 PM,Ayto.Sevilla,10/4/2014 9:21:32 PM,Ayto.Sevilla,-666009.300000001,4498101.2
249,249,Calle Navarra,Calle Cataluña,37.424799,-5.984816,10/4/2014 9:21:32 PM,Ayto.Sevilla,10/4/2014 9:21:32 PM,Ayto.Sevilla,-666226.699999999,4498484.9
250,250,Calle de Salvador Allende,Calle de Marruecos,37.42191,-5.985423,10/4/2014 9:21:32 PM,Ayto.Sevilla,10/4/2014 9:21:32 PM,Ayto.Sevilla,-666294.199999999,4498079.9
251,251,Avenida Cruzcampo,Esquina a Calle Alejandro Collantes,37.385783,-5.96515,10/4/2014 9:21:32 PM,Ayto.Sevilla,10/4/2014 9:21:32 PM,Ayto.Sevilla,-664037.5,4493017.3
252,252,Carretera de Bellavista,Calle Calderas,37.324607,-5.968985,10/4/2014 9:21:32 PM,Ayto.Sevilla,10/4/2014 9:21:32 PM,Ayto.Sevilla,-664464.399999999,4484449.9
253,253,Carretera de Bellavista,Hospital Valme,37.319697,-5.969165,10/4/2014 9:21:32 PM,Ayto.Sevilla,10/4/2014 9:21:32 PM,Ayto.Sevilla,-664484.399999999,4483762.6
254,254,Carretera de Bellavista,Avenida de Jerez,37.328766,-5.967814,10/4/2014 9:21:32 PM,Ayto.Sevilla,10/4/2014 9:21:32 PM,Ayto.Sevilla,-664334,4485032.1
255,255,Calle Pero Mingo,Rotonda de Torreblanca,37.385974,-5.914097,10/4/2014 9:21:32 PM,Ayto.Sevilla,10/4/2014 9:21:32 PM,Ayto.Sevilla,-658354.300000001,4493044
256,256,Plaza Miguel Montoro,Calle Pero Mingo,37.385987,-5.910274,10/4/2014 9:21:32 PM,Ayto.Sevilla,10/4/2014 9:21:32 PM,Ayto.Sevilla,-657928.699999999,4493045.8
257,257,Plaza Torres de Albarracín,Plaza Corazón de María,37.38421,-5.909692,10/4/2014 9:21:32 PM,Ayto.Sevilla,10/4/2014 9:21:32 PM,Ayto.Sevilla,-657863.899999999,4492796.9
258,258,Calle Estaca de Vares,Calle Creus,37.383797,-5.914633,10/4/2014 9:21:32 PM,Ayto.Sevilla,10/4/2014 9:21:32 PM,Ayto.Sevilla,-658413.899999999,4492739
259,259,Calle 8 de Marzo,Calle Aguila Perdicera,37.367181,-5.954483,10/4/2014 9:21:32 PM,Ayto.Sevilla,10/4/2014 9:21:32 PM,Ayto.Sevilla,-662850,4490411.4
260,260,Avenida de la Revoltosa,Centro Deportivo Amate,37.378641,-5.948474,10/4/2014 9:21:32 PM,Ayto.Sevilla,10/4/2014 9:21:32 PM,Ayto.Sevilla,-662181.100000001,4492016.7
